staff,staff,staff,staffname,staffsurname,staff@ku.th,0900000001,02/12/2020,22:45:46,normal,0,file:///Users/nirattasai/IdeaProjects/6210407455/images/staff/staff_Profile.jpg
staff,l,l,j,j,l,l,02/12/2020,22:03:37,normal,0,file:///Users/nirattasai/IdeaProjects/6210407455/Mailbox%20Mange%20QWERTY/images/staff/l_Profile.jpg
staff,c,c,namena,jaja,c,v,02/12/2020,18:01:24,normal,0,file:///Users/nirattasai/Desktop/6210407455-6210407455-93114a7036f1/images/staff/c_Profile.jpg
staff,staff2,staff2,staff2,staff2,staff2@ku.ac.th,002,23/11/2020,00:32:07,normal,0,file:///Users/nirattasai/IdeaProjects/6210407455/images/staff/staff2_Profile.jpg
staff,staff1,staff1,staff1,staff1,staff1@ku.ac.th,001,23/11/2020,00:27:43,normal,0,file:///Users/nirattasai/IdeaProjects/6210407455/images/staff/staff1_Profile.jpg
staff,x,x,x,z,x,x,22/11/2020,23:49:52,normal,0,file:///Users/nirattasai/IdeaProjects/6210407455/images/staff/x_Profile.jpg
staff,a,a,a,a,a,a,22/11/2020,23:42:50,normal,0,file:///Users/nirattasai/IdeaProjects/6210407455/images/staff/a_Profile.jpg
staff,test,test,test,test,test,test,22/11/2020,09:39:49,normal,0,file:///Users/nirattasai/IdeaProjects/6210407455/images/staff/test_Profile.jpg
staff,zxc,zxc,asd,asd,zxc,zxc,-,-,normal,0,file:///Users/nirattasai/Desktop/6210407455-6210407455-93114a7036f1/images/staff/zxc_Profile.jpg
staff,user,pass,name,name,123,123,-,-,normal,0,file:///Users/nirattasai/Desktop/6210407455-6210407455-93114a7036f1/images/staff/user_Profile.jpg
staff,nistaff,nistaff,ni,ni,asd,asd,-,-,normal,0,file:///Users/nirattasai/IdeaProjects/6210407455/Mailbox%20Mange%20QWERTY/images/staff/nistaff_Profile.jpg
